model_type,learning_rate,num_layers,fc_hidden_sizes,model_hidden_size,sequence_length,batch_size,val_loss,val_mae
Transformer,0.005,5,512_256_128_64_32,32,30,32,9409.199863032889,56.96008607594175
Transformer,0.005,5,512_256_128_64_32,32,30,32,9228.070987245896,55.669097049479944
Transformer,0.005,5,512_256_128_64_32,32,30,32,9378.34593208263,56.023313937258884
Transformer,0.005,5,512_256_128_64_32,32,30,32,9531.84487727677,56.20163625232968
Transformer,0.005,5,512_256_128_64_32,32,30,32,9238.836477102685,56.703760373591585
Transformer,0.005,5,512_256_128_64_32,32,30,32,9215.268727278866,55.6125267537637
Transformer,0.005,5,512_256_128_64_32,32,30,32,9503.681983139793,55.723876287757314
Transformer,0.005,5,512_256_128_64_32,32,30,32,9544.583483142122,57.76863381532148
Transformer,0.005,5,512_256_128_64_32,32,30,32,8915.217132598676,55.26482088980955
Transformer,0.005,5,512_256_128_64_32,32,30,32,9245.348585517228,56.00278356370093
Transformer,0.005,5,512_256_128_64_32,32,30,32,9336.449042035456,56.1393009684261
Transformer,0.005,5,512_256_128_64_32,32,30,32,9477.039248722105,57.13751054159086
Transformer,0.005,5,512_256_128_64_32,32,30,32,8791.146552722734,54.21906850981439
Transformer,0.005,5,512_256_128_64_32,32,30,32,9329.701040806458,55.98728710497694
Transformer,0.005,5,512_256_128_64_32,32,30,32,9457.597715381218,57.66207140861848
Transformer,0.005,5,512_256_128_64_32,32,30,32,9673.317263822444,57.77923022423748
Transformer,0.005,5,512_256_128_64_32,32,30,32,9223.859947297058,56.82518798132844
Transformer,0.005,5,512_256_128_64_32,32,30,32,9924.001784026208,60.11574145874856
Transformer,0.005,5,512_256_128_64_32,32,30,32,9460.269666781274,57.02138177902148
Transformer,0.005,5,512_256_128_64_32,32,30,32,10215.168981499448,59.77495190272845
Transformer,0.005,5,512_256_128_64_32,32,30,32,9131.851419789546,56.75140159582174
Transformer,0.005,5,512_256_128_64_32,32,30,32,9516.476797472618,58.04890070909601
Transformer,0.005,5,512_256_128_64_32,32,30,32,9505.606283780951,56.48641526067926
Transformer,0.005,5,512_256_128_64_32,32,30,32,9607.080125711322,56.62226397492047
Transformer,0.005,5,512_256_128_64_32,32,30,32,8999.14770760054,55.78488510660371
Transformer,0.005,5,512_256_128_64_32,32,30,32,9262.832782784017,56.15737746029202
Transformer,0.005,5,512_256_128_64_32,32,30,32,9570.291154551833,56.17601938372108
Transformer,0.005,5,512_256_128_64_32,32,30,32,10043.874394135424,59.94187144145515
Transformer,0.005,5,512_256_128_64_32,32,30,32,8773.263329651254,54.64000636812661
Transformer,0.005,5,512_256_128_64_32,32,30,32,9541.752889522899,58.32556223812163
Transformer,0.005,5,512_256_128_64_32,32,30,32,9825.307958538102,57.83278880951475
Transformer,0.005,5,512_256_128_64_32,32,30,32,9914.172456416556,58.122852294161916
Transformer,0.005,5,512_256_128_64_32,32,30,32,9283.354050667935,56.62924730551149
Transformer,0.005,5,512_256_128_64_32,32,30,32,9814.195383030592,58.34340910618175
Transformer,0.005,5,512_256_128_64_32,32,30,32,10189.567356860734,60.6091357780834
Transformer,0.005,5,512_256_128_64_32,32,30,32,10725.70779321323,64.49852997074775
Transformer,0.005,5,512_256_128_64_32,32,30,32,9294.4151108543,56.68367698482981
Transformer,0.005,5,512_256_128_64_32,32,30,32,9594.059631917626,58.42679678623041
Transformer,0.005,5,512_256_128_64_32,32,30,32,9923.40237290329,58.82045578527422
Transformer,0.005,5,512_256_128_64_32,32,30,32,10677.63026510383,61.70399636406876
Transformer,0.005,5,512_256_128_64_32,32,30,32,8923.254047990295,54.52366102473674
Transformer,0.005,5,512_256_128_64_32,32,30,32,9279.27781456838,57.24479213881093
Transformer,0.005,5,512_256_128_64_32,32,30,32,9815.486195892267,59.47781693395206
Transformer,0.005,5,512_256_128_64_32,32,30,32,9996.754726422798,59.935826339130486
Transformer,0.005,5,512_256_128_64_32,32,30,32,8791.411472901895,54.51947091820935
Transformer,0.005,5,512_256_128_64_32,32,30,32,9163.962270596097,56.10356641284709
Transformer,0.005,5,512_256_128_64_32,32,30,32,9744.67895852219,59.13825730808176
Transformer,0.005,5,512_256_128_64_32,32,30,32,9904.680195184439,58.92053908478133
Transformer,0.005,5,512_256_128_64_32,32,30,32,9709.271248335206,58.490466577812995
Transformer,0.005,5,512_256_128_64_32,32,30,32,9507.698606627897,57.211420933686625
Transformer,0.005,5,512_256_128_64_32,32,30,32,10707.46872176836,61.11446152819775
Transformer,0.005,5,512_256_128_64_32,32,30,32,10613.475195060259,63.99165565535694
Transformer,0.005,5,512_256_128_64_32,32,30,32,9722.971631761624,58.85710789583023
Transformer,0.005,5,512_256_128_64_32,32,30,32,9564.205904215769,58.516986711758385
Transformer,0.005,5,512_256_128_64_32,32,30,32,9985.796815771766,59.76290672398757
Transformer,0.005,5,512_256_128_64_32,32,30,32,10663.857641810147,64.13365940715755
Transformer,0.005,5,512_256_128_64_32,32,30,32,8952.897103627776,55.73560904605127
Transformer,0.005,5,512_256_128_64_32,32,30,32,9325.738393400432,57.28525483275227
Transformer,0.005,5,512_256_128_64_32,32,30,32,9676.829973444796,58.71125569451257
Transformer,0.005,5,512_256_128_64_32,32,30,32,10020.394025457372,59.14540505644517
Transformer,0.005,5,512_256_128_64_32,32,30,32,8822.612279366338,55.20212923238527
Transformer,0.005,5,512_256_128_64_32,32,30,32,8980.861229217244,55.492098452298166
Transformer,0.005,5,512_256_128_64_32,32,30,32,9266.061616669824,57.26125911998389
Transformer,0.005,5,512_256_128_64_32,32,30,32,9879.741729633248,58.339679045222105
Transformer,0.005,5,512_256_128_64_32,32,30,32,8664.98585347449,52.86262748946148
Transformer,0.005,5,512_256_128_64_32,32,30,32,8828.800994830603,54.28775253088729
Transformer,0.005,5,512_256_128_64_32,32,30,32,9037.396933364793,54.91923973406377
Transformer,0.005,5,512_256_128_64_32,32,30,32,9369.193161947553,56.83103721492835
Transformer,0.005,5,512_256_128_64_32,32,30,32,8630.79939561977,53.05213350512917
Transformer,0.005,5,512_256_128_64_32,32,30,32,8840.564161398053,54.327650013168295
Transformer,0.005,5,512_256_128_64_32,32,30,32,9144.129090871344,55.63780536334541
Transformer,0.005,5,512_256_128_64_32,32,30,32,9369.136234349387,56.4409782180771
Transformer,0.005,5,512_256_128_64_32,32,30,32,8616.604335312717,53.47458495285284
Transformer,0.005,5,512_256_128_64_32,32,30,32,9212.521253913623,56.203788747521564
Transformer,0.005,5,512_256_128_64_32,32,30,32,9011.618365807157,54.900800978192365
Transformer,0.005,5,512_256_128_64_32,32,30,32,9447.853061347838,56.51644925555138
Transformer,0.005,5,512_256_128_64_32,32,30,32,8822.498727635884,54.96745235029534
Transformer,0.005,5,512_256_128_64_32,32,30,32,9214.07360992644,56.3539243483245
Transformer,0.005,5,512_256_128_64_32,32,30,32,9395.5174460863,57.365560543414766
Transformer,0.005,5,512_256_128_64_32,32,30,32,9468.904034398362,56.384102346388836
Transformer,0.005,5,512_256_128_64_32,32,30,32,9262.124668350993,56.26212605042397
Transformer,0.005,5,512_256_128_64_32,32,30,32,10002.452852579227,60.282892378078124
Transformer,0.005,5,512_256_128_64_32,32,30,32,9817.92397811165,58.97368097364038
Transformer,0.005,5,512_256_128_64_32,32,30,32,10959.999841669978,64.85937783448252
Transformer,0.005,5,512_256_128_64_32,32,30,32,9172.515398516278,56.29746821046199
Transformer,0.005,5,512_256_128_64_32,32,30,32,9185.203214351684,56.64842153440936
Transformer,0.005,5,512_256_128_64_32,32,30,32,9650.325094221886,59.32117339523985
Transformer,0.005,5,512_256_128_64_32,32,30,32,9930.251822929602,59.809352214188436
Transformer,0.005,5,512_256_128_64_32,32,30,32,8916.203821089404,55.22041389944854
Transformer,0.005,5,512_256_128_64_32,32,30,32,9098.375998682135,55.60738298535008
Transformer,0.005,5,512_256_128_64_32,32,30,32,9726.449434610477,59.05685617017528
Transformer,0.005,5,512_256_128_64_32,32,30,32,9793.91628930698,58.89832835867907
Transformer,0.005,5,512_256_128_64_32,32,30,32,8923.316427593509,55.32074498091244
Transformer,0.005,5,512_256_128_64_32,32,30,32,9046.439703862708,55.590058153620994
Transformer,0.005,5,512_256_128_64_32,32,30,32,9357.963818485496,57.285850434657306
Transformer,0.005,5,512_256_128_64_32,32,30,32,9549.333270580186,58.01430956484727
Transformer,0.005,5,512_256_128_64_32,32,30,32,9786.879044352198,59.66413476070952
Transformer,0.005,5,512_256_128_64_32,32,30,32,10861.658193229374,66.26975596641593
Transformer,0.005,5,512_256_128_64_32,32,30,32,11282.99339302013,67.6181565122341
Transformer,0.005,5,512_256_128_64_32,32,30,32,12464.405582093728,73.54920501254222
Transformer,0.005,5,512_256_128_64_32,32,30,32,9281.331282141382,57.19077837089014
Transformer,0.005,5,512_256_128_64_32,32,30,32,10299.775984217058,60.99858942373564
Transformer,0.005,5,512_256_128_64_32,32,30,32,10717.364587860744,63.13763627021295
Transformer,0.005,5,512_256_128_64_32,32,30,32,10730.709784465496,63.374474183280974
Transformer,0.005,5,512_256_128_64_32,32,30,32,9323.05402507513,57.39950620986127
Transformer,0.005,5,512_256_128_64_32,32,30,32,9833.898853213323,59.13741333565654
Transformer,0.005,5,512_256_128_64_32,32,30,32,10107.438349568629,60.66731526676539
Transformer,0.005,5,512_256_128_64_32,32,30,32,10668.83096067905,63.19796134736003
Transformer,0.005,5,512_256_128_64_32,32,30,32,9216.201390791479,56.34804860916001
Transformer,0.005,5,512_256_128_64_32,32,30,32,9594.116129250075,59.51332987358305
Transformer,0.005,5,512_256_128_64_32,32,30,32,9865.435830452607,59.08541752202391
Transformer,0.005,5,512_256_128_64_32,32,30,32,10361.268396988082,62.390097701362414
Transformer,0.005,5,512_256_128_64_32,32,30,32,9906.66573403622,60.96054206705147
Transformer,0.005,5,512_256_128_64_32,32,30,32,10800.239923535913,64.2374362960968
Transformer,0.005,5,512_256_128_64_32,32,30,32,11328.080051930694,67.9244106483472
Transformer,0.005,5,512_256_128_64_32,32,30,32,11406.972985376593,67.89605400580129
Transformer,0.005,5,512_256_128_64_32,32,30,32,9264.728177136369,57.21222617896363
Transformer,0.005,5,512_256_128_64_32,32,30,32,10501.419626461447,62.481439879607095
Transformer,0.005,5,512_256_128_64_32,32,30,32,11175.532525517134,65.80599503967176
Transformer,0.005,5,512_256_128_64_32,32,30,32,10828.778290965176,64.36823728043352
Transformer,0.005,5,512_256_128_64_32,32,30,32,9176.547427602822,57.260695523639036
Transformer,0.005,5,512_256_128_64_32,32,30,32,9887.512880904002,59.52644592321537
Transformer,0.005,5,512_256_128_64_32,32,30,32,10078.550387656313,60.827441517818336
Transformer,0.005,5,512_256_128_64_32,32,30,32,10453.703860768925,63.01968802291594
Transformer,0.005,5,512_256_128_64_32,32,30,32,9245.856822801541,57.44158989148185
Transformer,0.005,5,512_256_128_64_32,32,30,32,9700.730652789247,58.911618595589424
Transformer,0.005,5,512_256_128_64_32,32,30,32,9965.0625200823,59.43844582461483
Transformer,0.005,5,512_256_128_64_32,32,30,32,10765.722130811642,64.26233781036048
Transformer,0.005,5,512_256_128_64_32,32,30,32,22997.607606981423,98.3834166360743
Transformer,0.005,5,512_256_128_64_32,32,30,32,23014.45355225822,99.88070786196519
Transformer,0.005,5,512_256_128_64_32,32,30,32,13170.082493191421,70.62828529216934
Transformer,0.005,5,512_256_128_64_32,32,30,32,23014.896385709784,99.86964805558057
Transformer,0.005,5,512_256_128_64_32,32,30,32,21305.02425835191,96.40135232304033
Transformer,0.005,5,512_256_128_64_32,32,30,32,9161.377775092593,55.412625621904546
Transformer,0.005,5,512_256_128_64_32,32,30,32,9385.641462393127,57.242482200484616
Transformer,0.005,5,512_256_128_64_32,32,30,32,23012.700631108124,99.90872638373195
Transformer,0.005,5,512_256_128_64_32,32,30,32,23013.851886824305,100.09044883683056
Transformer,0.005,5,512_256_128_64_32,32,30,32,9104.202798056265,56.02870359986071
Transformer,0.005,5,512_256_128_64_32,32,30,32,14601.303316228128,77.89127163714278
Transformer,0.005,5,512_256_128_64_32,32,30,32,9747.908883594837,58.73918453150612
Transformer,0.005,5,512_256_128_64_32,32,30,32,23013.32550246498,99.94756202568905
Transformer,0.005,5,512_256_128_64_32,32,30,32,8875.362755278056,54.887596094293286
Transformer,0.005,5,512_256_128_64_32,32,30,32,23014.60181629371,99.95386762310159
Transformer,0.005,5,512_256_128_64_32,32,30,32,13546.09923809498,75.38632709178019
Transformer,0.005,5,512_256_128_64_32,32,30,32,23015.169866963974,99.77884102779727
Transformer,0.005,5,512_256_128_64_32,32,30,32,23015.109478807062,99.78871431543351
Transformer,0.005,5,512_256_128_64_32,32,30,32,23013.3272421549,100.08981709001839
Transformer,0.005,5,512_256_128_64_32,32,30,32,23013.65845410525,99.8980174225761
Transformer,0.005,5,512_256_128_64_32,32,30,32,23014.94169904412,100.19654072347765
Transformer,0.005,5,512_256_128_64_32,32,30,32,23013.966534834934,100.28974305472553
Transformer,0.005,5,512_256_128_64_32,32,30,32,23012.99481187832,99.98974673162984
Transformer,0.005,5,512_256_128_64_32,32,30,32,23015.268489783834,100.35238847596747
Transformer,0.005,5,512_256_128_64_32,32,30,32,23017.66817995371,99.59090049536988
Transformer,0.005,5,512_256_128_64_32,32,30,32,23013.171140686314,99.98726538876618
Transformer,0.005,5,512_256_128_64_32,32,30,32,23013.584086144725,99.97729829317908
Transformer,0.005,5,512_256_128_64_32,32,30,32,23013.43763824772,99.87306005461609
Transformer,0.005,5,512_256_128_64_32,32,30,32,23015.810371373154,99.80342380021675
Transformer,0.005,5,512_256_128_64_32,32,30,32,23013.88435146393,99.9235709292627
Transformer,0.005,5,512_256_128_64_32,32,30,32,23013.749137722283,99.86252559927397
Transformer,0.005,5,512_256_128_64_32,32,30,32,23013.585096468774,100.09174624884616
Transformer,0.005,5,512_256_128_64_32,32,30,32,23013.122709453542,100.0271511814343
Transformer,0.005,5,512_256_128_64_32,32,30,32,23014.50444934526,100.05649279291184
Transformer,0.005,5,512_256_128_64_32,32,30,32,23014.40991865795,99.9314298651362
Transformer,0.005,5,512_256_128_64_32,32,30,32,23014.69009769894,99.80742125248102
Transformer,0.005,5,512_256_128_64_32,32,30,32,23015.468434407132,99.6758342457683
Transformer,0.005,5,512_256_128_64_32,32,30,32,23015.261584965014,99.85015068031461
Transformer,0.005,5,512_256_128_64_32,32,30,32,23013.55777648768,100.2210855367918
Transformer,0.005,5,512_256_128_64_32,32,30,32,23014.1148133258,99.98130968744309
Transformer,0.005,5,512_256_128_64_32,32,30,32,23016.079984892676,99.69544668679553
Transformer,0.005,5,512_256_128_64_32,32,30,32,23016.051185030363,100.33766447921582
Transformer,0.005,5,512_256_128_64_32,32,30,32,23017.2487928306,100.30685103803181
Transformer,0.005,5,512_256_128_64_32,32,30,32,23013.991322117774,100.2087604904958
Transformer,0.005,5,512_256_128_64_32,32,30,32,23015.817250870816,100.02911641079035
Transformer,0.005,5,512_256_128_64_32,32,30,32,23013.2547057584,99.9097121700229
Transformer,0.005,5,512_256_128_64_32,32,30,32,23014.508507522227,100.01123911287068
Transformer,0.005,5,512_256_128_64_32,32,30,32,23014.48570130498,99.80104644308501
Transformer,0.005,5,512_256_128_64_32,32,30,32,23013.049689820622,100.08145056833881
Transformer,0.005,5,512_256_128_64_32,32,30,32,23016.2295280834,100.29226226776323
Transformer,0.005,5,512_256_128_64_32,32,30,32,23015.219771577897,99.9936153507618
Transformer,0.005,5,512_256_128_64_32,32,30,32,23015.349189198943,99.84062549316438
Transformer,0.005,5,512_256_128_64_32,32,30,32,23016.83272724239,99.74938616394815
Transformer,0.005,5,512_256_128_64_32,32,30,32,23014.79104288648,100.27733076603272
Transformer,0.005,5,512_256_128_64_32,32,30,32,23014.104610838,100.03471458167759
Transformer,0.005,5,512_256_128_64_32,32,30,32,23017.359543225648,100.26598828267291
Transformer,0.005,5,512_256_128_64_32,32,30,32,23014.708529661268,100.10298024735961
Transformer,0.005,5,512_256_128_64_32,32,30,32,23014.75383717465,100.13925296978742
Transformer,0.005,5,512_256_128_64_32,32,30,32,23016.40892036388,99.9133421905657
Transformer,0.005,5,512_256_128_64_32,32,30,32,23014.629411800088,100.14438735029147
Transformer,0.005,5,512_256_128_64_32,32,30,32,23015.821985734,99.70018927325744
Transformer,0.005,5,512_256_128_64_32,32,30,32,23016.199460222688,99.75370578595333
Transformer,0.005,5,512_256_128_64_32,32,30,32,23014.424381309916,100.00457100487046
Transformer,0.005,5,512_256_128_64_32,32,30,32,23016.02225642789,99.72420993367602
