transformer_num_layer,transformer_hidden_size,transformer_nhead,transformer_dropout,model_type,learning_rate,num_layers,fc_hidden_sizes,model_hidden_size,sequence_length,batch_size,val_loss,val_mae
1,16,1,0.0,Transformer,0.005,5,512_256_128_64_32,32,30,32,9409.199863032887,56.96008607594175
1,16,1,0.1,Transformer,0.005,5,512_256_128_64_32,32,30,32,9228.070987245896,55.669097049479944
1,16,1,0.2,Transformer,0.005,5,512_256_128_64_32,32,30,32,9378.34593208263,56.02331393725888
1,16,1,0.3,Transformer,0.005,5,512_256_128_64_32,32,30,32,9531.84487727677,56.20163625232968
1,16,2,0.0,Transformer,0.005,5,512_256_128_64_32,32,30,32,9238.836477102685,56.703760373591585
1,16,2,0.1,Transformer,0.005,5,512_256_128_64_32,32,30,32,9215.268727278866,55.6125267537637
1,16,2,0.2,Transformer,0.005,5,512_256_128_64_32,32,30,32,9503.681983139792,55.723876287757314
1,16,2,0.3,Transformer,0.005,5,512_256_128_64_32,32,30,32,9544.583483142122,57.76863381532148
1,16,4,0.0,Transformer,0.005,5,512_256_128_64_32,32,30,32,8915.217132598676,55.26482088980955
1,16,4,0.1,Transformer,0.005,5,512_256_128_64_32,32,30,32,9245.348585517228,56.00278356370093
1,16,4,0.2,Transformer,0.005,5,512_256_128_64_32,32,30,32,9336.449042035456,56.1393009684261
1,16,4,0.3,Transformer,0.005,5,512_256_128_64_32,32,30,32,9477.039248722103,57.13751054159086
1,16,8,0.0,Transformer,0.005,5,512_256_128_64_32,32,30,32,8791.146552722734,54.21906850981439
1,16,8,0.1,Transformer,0.005,5,512_256_128_64_32,32,30,32,9329.701040806458,55.98728710497694
1,16,8,0.2,Transformer,0.005,5,512_256_128_64_32,32,30,32,9457.597715381218,57.66207140861848
1,16,8,0.3,Transformer,0.005,5,512_256_128_64_32,32,30,32,9673.317263822444,57.77923022423748
1,32,1,0.0,Transformer,0.005,5,512_256_128_64_32,32,30,32,9223.859947297058,56.82518798132844
1,32,1,0.1,Transformer,0.005,5,512_256_128_64_32,32,30,32,9924.001784026208,60.11574145874856
1,32,1,0.2,Transformer,0.005,5,512_256_128_64_32,32,30,32,9460.269666781274,57.02138177902148
1,32,1,0.3,Transformer,0.005,5,512_256_128_64_32,32,30,32,10215.168981499448,59.77495190272845
1,32,2,0.0,Transformer,0.005,5,512_256_128_64_32,32,30,32,9131.851419789546,56.75140159582174
1,32,2,0.1,Transformer,0.005,5,512_256_128_64_32,32,30,32,9516.476797472618,58.04890070909601
1,32,2,0.2,Transformer,0.005,5,512_256_128_64_32,32,30,32,9505.606283780951,56.48641526067926
1,32,2,0.3,Transformer,0.005,5,512_256_128_64_32,32,30,32,9607.080125711322,56.62226397492047
1,32,4,0.0,Transformer,0.005,5,512_256_128_64_32,32,30,32,8999.14770760054,55.78488510660371
1,32,4,0.1,Transformer,0.005,5,512_256_128_64_32,32,30,32,9262.832782784017,56.15737746029202
1,32,4,0.2,Transformer,0.005,5,512_256_128_64_32,32,30,32,9570.291154551833,56.17601938372108
1,32,4,0.3,Transformer,0.005,5,512_256_128_64_32,32,30,32,10043.874394135424,59.94187144145515
1,32,8,0.0,Transformer,0.005,5,512_256_128_64_32,32,30,32,8773.263329651254,54.64000636812661
1,32,8,0.1,Transformer,0.005,5,512_256_128_64_32,32,30,32,9541.7528895229,58.32556223812163
1,32,8,0.2,Transformer,0.005,5,512_256_128_64_32,32,30,32,9825.307958538102,57.83278880951475
1,32,8,0.3,Transformer,0.005,5,512_256_128_64_32,32,30,32,9914.172456416556,58.12285229416192
1,64,1,0.0,Transformer,0.005,5,512_256_128_64_32,32,30,32,9283.354050667936,56.62924730551149
1,64,1,0.1,Transformer,0.005,5,512_256_128_64_32,32,30,32,9814.195383030592,58.34340910618175
1,64,1,0.2,Transformer,0.005,5,512_256_128_64_32,32,30,32,10189.567356860734,60.6091357780834
1,64,1,0.3,Transformer,0.005,5,512_256_128_64_32,32,30,32,10725.70779321323,64.49852997074775
1,64,2,0.0,Transformer,0.005,5,512_256_128_64_32,32,30,32,9294.4151108543,56.68367698482981
1,64,2,0.1,Transformer,0.005,5,512_256_128_64_32,32,30,32,9594.059631917626,58.42679678623041
1,64,2,0.2,Transformer,0.005,5,512_256_128_64_32,32,30,32,9923.40237290329,58.82045578527422
1,64,2,0.3,Transformer,0.005,5,512_256_128_64_32,32,30,32,10677.63026510383,61.70399636406876
1,64,4,0.0,Transformer,0.005,5,512_256_128_64_32,32,30,32,8923.254047990295,54.52366102473674
1,64,4,0.1,Transformer,0.005,5,512_256_128_64_32,32,30,32,9279.27781456838,57.24479213881093
1,64,4,0.2,Transformer,0.005,5,512_256_128_64_32,32,30,32,9815.486195892268,59.47781693395206
1,64,4,0.3,Transformer,0.005,5,512_256_128_64_32,32,30,32,9996.754726422798,59.935826339130486
1,64,8,0.0,Transformer,0.005,5,512_256_128_64_32,32,30,32,8791.411472901895,54.51947091820935
1,64,8,0.1,Transformer,0.005,5,512_256_128_64_32,32,30,32,9163.962270596096,56.10356641284709
1,64,8,0.2,Transformer,0.005,5,512_256_128_64_32,32,30,32,9744.67895852219,59.13825730808176
1,64,8,0.3,Transformer,0.005,5,512_256_128_64_32,32,30,32,9904.68019518444,58.92053908478133
1,128,1,0.0,Transformer,0.005,5,512_256_128_64_32,32,30,32,9709.271248335206,58.490466577812995
1,128,1,0.1,Transformer,0.005,5,512_256_128_64_32,32,30,32,9507.698606627897,57.211420933686625
1,128,1,0.2,Transformer,0.005,5,512_256_128_64_32,32,30,32,10707.46872176836,61.11446152819775
1,128,1,0.3,Transformer,0.005,5,512_256_128_64_32,32,30,32,10613.47519506026,63.99165565535694
1,128,2,0.0,Transformer,0.005,5,512_256_128_64_32,32,30,32,9722.971631761624,58.85710789583023
1,128,2,0.1,Transformer,0.005,5,512_256_128_64_32,32,30,32,9564.205904215769,58.516986711758385
1,128,2,0.2,Transformer,0.005,5,512_256_128_64_32,32,30,32,9985.796815771766,59.76290672398757
1,128,2,0.3,Transformer,0.005,5,512_256_128_64_32,32,30,32,10663.857641810147,64.13365940715755
1,128,4,0.0,Transformer,0.005,5,512_256_128_64_32,32,30,32,8952.897103627776,55.73560904605127
1,128,4,0.1,Transformer,0.005,5,512_256_128_64_32,32,30,32,9325.738393400432,57.28525483275227
1,128,4,0.2,Transformer,0.005,5,512_256_128_64_32,32,30,32,9676.829973444796,58.71125569451257
1,128,4,0.3,Transformer,0.005,5,512_256_128_64_32,32,30,32,10020.394025457372,59.14540505644517
1,128,8,0.0,Transformer,0.005,5,512_256_128_64_32,32,30,32,8822.612279366338,55.20212923238527
1,128,8,0.1,Transformer,0.005,5,512_256_128_64_32,32,30,32,8980.861229217244,55.492098452298166
1,128,8,0.2,Transformer,0.005,5,512_256_128_64_32,32,30,32,9266.061616669824,57.26125911998389
1,128,8,0.3,Transformer,0.005,5,512_256_128_64_32,32,30,32,9879.741729633248,58.339679045222105
2,16,1,0.0,Transformer,0.005,5,512_256_128_64_32,32,30,32,8664.98585347449,52.86262748946148
2,16,1,0.1,Transformer,0.005,5,512_256_128_64_32,32,30,32,8828.800994830603,54.28775253088729
2,16,1,0.2,Transformer,0.005,5,512_256_128_64_32,32,30,32,9037.396933364793,54.91923973406377
2,16,1,0.3,Transformer,0.005,5,512_256_128_64_32,32,30,32,9369.193161947553,56.83103721492835
2,16,2,0.0,Transformer,0.005,5,512_256_128_64_32,32,30,32,8630.79939561977,53.05213350512917
2,16,2,0.1,Transformer,0.005,5,512_256_128_64_32,32,30,32,8840.564161398053,54.327650013168295
2,16,2,0.2,Transformer,0.005,5,512_256_128_64_32,32,30,32,9144.129090871344,55.63780536334541
2,16,2,0.3,Transformer,0.005,5,512_256_128_64_32,32,30,32,9369.136234349387,56.4409782180771
2,16,4,0.0,Transformer,0.005,5,512_256_128_64_32,32,30,32,8616.604335312717,53.47458495285284
2,16,4,0.1,Transformer,0.005,5,512_256_128_64_32,32,30,32,9212.521253913625,56.20378874752157
2,16,4,0.2,Transformer,0.005,5,512_256_128_64_32,32,30,32,9011.618365807157,54.900800978192365
2,16,4,0.3,Transformer,0.005,5,512_256_128_64_32,32,30,32,9447.853061347838,56.51644925555138
2,16,8,0.0,Transformer,0.005,5,512_256_128_64_32,32,30,32,8822.498727635884,54.96745235029534
2,16,8,0.1,Transformer,0.005,5,512_256_128_64_32,32,30,32,9214.07360992644,56.3539243483245
2,16,8,0.2,Transformer,0.005,5,512_256_128_64_32,32,30,32,9395.5174460863,57.365560543414766
2,16,8,0.3,Transformer,0.005,5,512_256_128_64_32,32,30,32,9468.904034398362,56.38410234638883
2,32,1,0.0,Transformer,0.005,5,512_256_128_64_32,32,30,32,9262.124668350993,56.26212605042397
2,32,1,0.1,Transformer,0.005,5,512_256_128_64_32,32,30,32,10002.452852579228,60.28289237807813
2,32,1,0.2,Transformer,0.005,5,512_256_128_64_32,32,30,32,9817.92397811165,58.97368097364038
2,32,1,0.3,Transformer,0.005,5,512_256_128_64_32,32,30,32,10959.999841669978,64.85937783448252
2,32,2,0.0,Transformer,0.005,5,512_256_128_64_32,32,30,32,9172.515398516278,56.29746821046199
2,32,2,0.1,Transformer,0.005,5,512_256_128_64_32,32,30,32,9185.203214351684,56.64842153440936
2,32,2,0.2,Transformer,0.005,5,512_256_128_64_32,32,30,32,9650.325094221886,59.32117339523985
2,32,2,0.3,Transformer,0.005,5,512_256_128_64_32,32,30,32,9930.251822929602,59.80935221418843
2,32,4,0.0,Transformer,0.005,5,512_256_128_64_32,32,30,32,8916.203821089404,55.22041389944854
2,32,4,0.1,Transformer,0.005,5,512_256_128_64_32,32,30,32,9098.375998682135,55.60738298535008
2,32,4,0.2,Transformer,0.005,5,512_256_128_64_32,32,30,32,9726.449434610477,59.05685617017528
2,32,4,0.3,Transformer,0.005,5,512_256_128_64_32,32,30,32,9793.91628930698,58.89832835867907
2,32,8,0.0,Transformer,0.005,5,512_256_128_64_32,32,30,32,8923.316427593509,55.32074498091244
2,32,8,0.1,Transformer,0.005,5,512_256_128_64_32,32,30,32,9046.439703862708,55.590058153620994
2,32,8,0.2,Transformer,0.005,5,512_256_128_64_32,32,30,32,9357.963818485496,57.285850434657306
2,32,8,0.3,Transformer,0.005,5,512_256_128_64_32,32,30,32,9549.333270580186,58.01430956484727
2,64,1,0.0,Transformer,0.005,5,512_256_128_64_32,32,30,32,9786.879044352198,59.66413476070952
2,64,1,0.1,Transformer,0.005,5,512_256_128_64_32,32,30,32,10861.658193229374,66.26975596641593
2,64,1,0.2,Transformer,0.005,5,512_256_128_64_32,32,30,32,11282.99339302013,67.6181565122341
2,64,1,0.3,Transformer,0.005,5,512_256_128_64_32,32,30,32,12464.405582093728,73.54920501254222
2,64,2,0.0,Transformer,0.005,5,512_256_128_64_32,32,30,32,9281.331282141382,57.19077837089014
2,64,2,0.1,Transformer,0.005,5,512_256_128_64_32,32,30,32,10299.775984217058,60.99858942373564
2,64,2,0.2,Transformer,0.005,5,512_256_128_64_32,32,30,32,10717.364587860744,63.13763627021295
2,64,2,0.3,Transformer,0.005,5,512_256_128_64_32,32,30,32,10730.709784465496,63.374474183280974
2,64,4,0.0,Transformer,0.005,5,512_256_128_64_32,32,30,32,9323.05402507513,57.39950620986127
2,64,4,0.1,Transformer,0.005,5,512_256_128_64_32,32,30,32,9833.898853213324,59.13741333565654
2,64,4,0.2,Transformer,0.005,5,512_256_128_64_32,32,30,32,10107.438349568629,60.66731526676539
2,64,4,0.3,Transformer,0.005,5,512_256_128_64_32,32,30,32,10668.83096067905,63.19796134736003
2,64,8,0.0,Transformer,0.005,5,512_256_128_64_32,32,30,32,9216.20139079148,56.34804860916001
2,64,8,0.1,Transformer,0.005,5,512_256_128_64_32,32,30,32,9594.116129250076,59.51332987358305
2,64,8,0.2,Transformer,0.005,5,512_256_128_64_32,32,30,32,9865.435830452609,59.08541752202391
2,64,8,0.3,Transformer,0.005,5,512_256_128_64_32,32,30,32,10361.268396988082,62.390097701362414
2,128,1,0.0,Transformer,0.005,5,512_256_128_64_32,32,30,32,9906.66573403622,60.96054206705147
2,128,1,0.1,Transformer,0.005,5,512_256_128_64_32,32,30,32,10800.239923535912,64.2374362960968
2,128,1,0.2,Transformer,0.005,5,512_256_128_64_32,32,30,32,11328.080051930694,67.9244106483472
2,128,1,0.3,Transformer,0.005,5,512_256_128_64_32,32,30,32,11406.972985376591,67.89605400580129
2,128,2,0.0,Transformer,0.005,5,512_256_128_64_32,32,30,32,9264.728177136369,57.21222617896363
2,128,2,0.1,Transformer,0.005,5,512_256_128_64_32,32,30,32,10501.419626461447,62.481439879607095
2,128,2,0.2,Transformer,0.005,5,512_256_128_64_32,32,30,32,11175.532525517134,65.80599503967176
2,128,2,0.3,Transformer,0.005,5,512_256_128_64_32,32,30,32,10828.778290965176,64.36823728043352
2,128,4,0.0,Transformer,0.005,5,512_256_128_64_32,32,30,32,9176.547427602822,57.26069552363904
2,128,4,0.1,Transformer,0.005,5,512_256_128_64_32,32,30,32,9887.512880904002,59.52644592321537
2,128,4,0.2,Transformer,0.005,5,512_256_128_64_32,32,30,32,10078.550387656313,60.827441517818336
2,128,4,0.3,Transformer,0.005,5,512_256_128_64_32,32,30,32,10453.703860768925,63.01968802291594
2,128,8,0.0,Transformer,0.005,5,512_256_128_64_32,32,30,32,9245.85682280154,57.44158989148185
2,128,8,0.1,Transformer,0.005,5,512_256_128_64_32,32,30,32,9700.730652789249,58.911618595589424
2,128,8,0.2,Transformer,0.005,5,512_256_128_64_32,32,30,32,9965.0625200823,59.43844582461483
2,128,8,0.3,Transformer,0.005,5,512_256_128_64_32,32,30,32,10765.722130811642,64.26233781036048
4,16,1,0.0,Transformer,0.005,5,512_256_128_64_32,32,30,32,22997.607606981423,98.3834166360743
4,16,1,0.1,Transformer,0.005,5,512_256_128_64_32,32,30,32,23014.45355225822,99.8807078619652
4,16,1,0.2,Transformer,0.005,5,512_256_128_64_32,32,30,32,13170.08249319142,70.62828529216934
4,16,1,0.3,Transformer,0.005,5,512_256_128_64_32,32,30,32,23014.896385709784,99.86964805558056
4,16,2,0.0,Transformer,0.005,5,512_256_128_64_32,32,30,32,21305.02425835191,96.40135232304031
4,16,2,0.1,Transformer,0.005,5,512_256_128_64_32,32,30,32,9161.377775092593,55.412625621904546
4,16,2,0.2,Transformer,0.005,5,512_256_128_64_32,32,30,32,9385.641462393129,57.242482200484616
4,16,2,0.3,Transformer,0.005,5,512_256_128_64_32,32,30,32,23012.700631108124,99.90872638373196
4,16,4,0.0,Transformer,0.005,5,512_256_128_64_32,32,30,32,23013.851886824305,100.09044883683056
4,16,4,0.1,Transformer,0.005,5,512_256_128_64_32,32,30,32,9104.202798056263,56.02870359986071
4,16,4,0.2,Transformer,0.005,5,512_256_128_64_32,32,30,32,14601.303316228128,77.89127163714278
4,16,4,0.3,Transformer,0.005,5,512_256_128_64_32,32,30,32,9747.908883594837,58.73918453150612
4,16,8,0.0,Transformer,0.005,5,512_256_128_64_32,32,30,32,23013.32550246498,99.94756202568904
4,16,8,0.1,Transformer,0.005,5,512_256_128_64_32,32,30,32,8875.362755278056,54.887596094293286
4,16,8,0.2,Transformer,0.005,5,512_256_128_64_32,32,30,32,23014.60181629371,99.9538676231016
4,16,8,0.3,Transformer,0.005,5,512_256_128_64_32,32,30,32,13546.09923809498,75.38632709178019
4,32,1,0.0,Transformer,0.005,5,512_256_128_64_32,32,30,32,23015.169866963977,99.77884102779728
4,32,1,0.1,Transformer,0.005,5,512_256_128_64_32,32,30,32,23015.109478807062,99.78871431543352
4,32,1,0.2,Transformer,0.005,5,512_256_128_64_32,32,30,32,23013.3272421549,100.0898170900184
4,32,1,0.3,Transformer,0.005,5,512_256_128_64_32,32,30,32,23013.65845410525,99.8980174225761
4,32,2,0.0,Transformer,0.005,5,512_256_128_64_32,32,30,32,23014.94169904412,100.19654072347764
4,32,2,0.1,Transformer,0.005,5,512_256_128_64_32,32,30,32,23013.966534834937,100.28974305472552
4,32,2,0.2,Transformer,0.005,5,512_256_128_64_32,32,30,32,23012.99481187832,99.98974673162984
4,32,2,0.3,Transformer,0.005,5,512_256_128_64_32,32,30,32,23015.268489783834,100.35238847596747
4,32,4,0.0,Transformer,0.005,5,512_256_128_64_32,32,30,32,23017.66817995371,99.59090049536988
4,32,4,0.1,Transformer,0.005,5,512_256_128_64_32,32,30,32,23013.17114068631,99.98726538876618
4,32,4,0.2,Transformer,0.005,5,512_256_128_64_32,32,30,32,23013.584086144725,99.97729829317908
4,32,4,0.3,Transformer,0.005,5,512_256_128_64_32,32,30,32,23013.43763824772,99.87306005461608
4,32,8,0.0,Transformer,0.005,5,512_256_128_64_32,32,30,32,23015.81037137315,99.80342380021676
4,32,8,0.1,Transformer,0.005,5,512_256_128_64_32,32,30,32,23013.88435146393,99.9235709292627
4,32,8,0.2,Transformer,0.005,5,512_256_128_64_32,32,30,32,23013.749137722283,99.86252559927397
4,32,8,0.3,Transformer,0.005,5,512_256_128_64_32,32,30,32,23013.585096468774,100.09174624884616
4,64,1,0.0,Transformer,0.005,5,512_256_128_64_32,32,30,32,23013.122709453542,100.0271511814343
4,64,1,0.1,Transformer,0.005,5,512_256_128_64_32,32,30,32,23014.50444934526,100.05649279291184
4,64,1,0.2,Transformer,0.005,5,512_256_128_64_32,32,30,32,23014.40991865795,99.9314298651362
4,64,1,0.3,Transformer,0.005,5,512_256_128_64_32,32,30,32,23014.69009769894,99.80742125248102
4,64,2,0.0,Transformer,0.005,5,512_256_128_64_32,32,30,32,23015.468434407132,99.6758342457683
4,64,2,0.1,Transformer,0.005,5,512_256_128_64_32,32,30,32,23015.261584965017,99.8501506803146
4,64,2,0.2,Transformer,0.005,5,512_256_128_64_32,32,30,32,23013.55777648768,100.2210855367918
4,64,2,0.3,Transformer,0.005,5,512_256_128_64_32,32,30,32,23014.1148133258,99.98130968744309
4,64,4,0.0,Transformer,0.005,5,512_256_128_64_32,32,30,32,23016.079984892676,99.69544668679552
4,64,4,0.1,Transformer,0.005,5,512_256_128_64_32,32,30,32,23016.051185030363,100.33766447921582
4,64,4,0.2,Transformer,0.005,5,512_256_128_64_32,32,30,32,23017.2487928306,100.3068510380318
4,64,4,0.3,Transformer,0.005,5,512_256_128_64_32,32,30,32,23013.991322117778,100.2087604904958
4,64,8,0.0,Transformer,0.005,5,512_256_128_64_32,32,30,32,23015.817250870816,100.02911641079037
4,64,8,0.1,Transformer,0.005,5,512_256_128_64_32,32,30,32,23013.2547057584,99.9097121700229
4,64,8,0.2,Transformer,0.005,5,512_256_128_64_32,32,30,32,23014.508507522227,100.01123911287068
4,64,8,0.3,Transformer,0.005,5,512_256_128_64_32,32,30,32,23014.48570130498,99.801046443085
4,128,1,0.0,Transformer,0.005,5,512_256_128_64_32,32,30,32,23013.049689820626,100.0814505683388
4,128,1,0.1,Transformer,0.005,5,512_256_128_64_32,32,30,32,23016.2295280834,100.29226226776323
4,128,1,0.2,Transformer,0.005,5,512_256_128_64_32,32,30,32,23015.219771577897,99.9936153507618
4,128,1,0.3,Transformer,0.005,5,512_256_128_64_32,32,30,32,23015.349189198943,99.84062549316438
4,128,2,0.0,Transformer,0.005,5,512_256_128_64_32,32,30,32,23016.83272724239,99.74938616394816
4,128,2,0.1,Transformer,0.005,5,512_256_128_64_32,32,30,32,23014.79104288648,100.27733076603272
4,128,2,0.2,Transformer,0.005,5,512_256_128_64_32,32,30,32,23014.104610838,100.0347145816776
4,128,2,0.3,Transformer,0.005,5,512_256_128_64_32,32,30,32,23017.359543225648,100.26598828267292
4,128,4,0.0,Transformer,0.005,5,512_256_128_64_32,32,30,32,23014.708529661268,100.1029802473596
4,128,4,0.1,Transformer,0.005,5,512_256_128_64_32,32,30,32,23014.75383717465,100.13925296978742
4,128,4,0.2,Transformer,0.005,5,512_256_128_64_32,32,30,32,23016.40892036388,99.9133421905657
4,128,4,0.3,Transformer,0.005,5,512_256_128_64_32,32,30,32,23014.629411800088,100.14438735029148
4,128,8,0.0,Transformer,0.005,5,512_256_128_64_32,32,30,32,23015.821985734,99.70018927325744
4,128,8,0.1,Transformer,0.005,5,512_256_128_64_32,32,30,32,23016.199460222688,99.75370578595331
4,128,8,0.2,Transformer,0.005,5,512_256_128_64_32,32,30,32,23014.424381309916,100.00457100487046
4,128,8,0.3,Transformer,0.005,5,512_256_128_64_32,32,30,32,23016.02225642789,99.72420993367602
